actual,predicted,probability
0,0,0.007957218137207052
0,0,0.0005440043422435673
0,0,0.00022990175898793784
0,0,7.71675000541704e-05
0,0,0.0004915015980863596
0,0,0.000682532823448722
0,0,0.00035376199241146287
0,0,0.0018661878827836815
0,0,4.084455533844281e-05
0,0,0.0008294071894434705
0,0,0.0004675829079730036
0,0,0.0018056031668039969
0,0,0.0005697161216922511
0,0,0.0004635720226050115
0,0,0.00015393992539604448
0,0,3.3366939386906857e-05
0,0,0.0007258731101551143
1,1,1.0
0,0,0.00047374610999478573
0,0,0.0007241308984340535
0,0,0.0007907375171591814
1,1,0.9992354525626145
0,0,7.858836584061782e-05
0,0,0.0002664349994960349
0,0,0.00011885484329688038
0,0,3.4130998795600954e-05
0,0,0.0003453072154095719
0,0,0.0005272993165680775
0,0,0.0005122642317802076
0,0,3.891593951663207e-05
0,0,9.545533174753646e-05
0,0,0.00014442844043021174
0,0,7.875955535900521e-05
0,0,0.0001413750468665162
0,0,0.0006346323457184235
0,0,0.0007986732742599896
0,0,0.0009136533029592571
0,0,0.000842650902078404
0,0,0.0008907720943383278
0,0,0.00024233177564088492
0,0,0.00016373895636473258
0,0,0.0009576046544222257
0,0,0.0005276723304072971
0,0,0.0002511011759987692
0,0,0.00015440299823021178
0,0,0.00016978901131639538
0,0,0.0009117988351514256
0,0,0.0002871171304320916
0,0,0.00031788521924681223
0,0,0.0011928545604949655
0,0,0.0004194577547257688
0,0,0.00025467974268352346
0,0,0.00021015493842196825
0,0,0.000741049700354586
0,0,7.956128975124954e-05
0,0,0.0010968787789736667
0,0,0.004195687471278641
0,0,0.0004261989553635833
0,0,0.00031837452669877505
0,0,0.0006894130707933501
0,0,0.0004464872659445795
0,0,0.0005392667757397995
0,0,0.00013781842998226564
0,0,0.00034073421278957034
0,0,0.0007449492914453545
1,1,0.9999750484138791
0,0,0.0007925884712325646
0,0,0.00024106269178188588
0,0,0.0006698242538854531
0,0,0.0001559067739079054
0,0,0.0006309435452953703
0,0,0.00013246840931206805
0,0,0.00046814670507263625
0,0,0.0005692830742538621
0,0,0.0003130462592601442
0,0,0.0003802657872115783
0,0,0.0006277275432667583
0,0,0.0006639344495411638
0,0,9.018620968527696e-05
0,0,0.00017531757844489528
0,0,7.694072285231752e-05
0,0,0.00014506393969006848
0,0,0.00025322919451013494
0,0,0.0011982219266967998
0,0,0.0004769559023171766
0,0,0.000251420632397413
0,0,0.00042849711492944363
0,0,0.0003870712399244755
0,0,0.00048248983663514583
0,0,0.00039897210977151896
0,0,0.0004497164128101826
0,0,0.003269543820687393
0,0,0.0025787105788444313
0,0,0.0007278483949546194
0,0,0.0014486980107888449
0,0,0.004240005652258717
0,0,0.0003165673223035372
0,0,0.0003911606957693976
0,0,0.00013592380433825847
0,0,0.0004517347240945909
0,0,0.00012798663678273767
0,0,0.000642792358712189
0,0,0.000590387175442008
0,0,0.0005567889067608247
0,0,3.5256110441464936e-05
0,0,6.831481411793805e-05
0,0,0.00032086509540859393
0,0,5.0235103545890784e-05
0,0,0.0005133604666021751
0,0,0.0003931448271328686
0,0,0.0005658461776767382
0,0,0.0018415176838711264
0,0,0.00081896033449413
0,0,0.0005864399682683333
0,0,0.0007905749159562116
0,0,0.0003487246069896166
0,0,2.864446110709184e-05
0,0,0.0005997834426022502
0,0,0.0001819209574804147
0,0,0.00016664643238604838
0,0,0.00022635817856083055
0,0,0.000719020398613773
0,0,0.0012306721966071335
0,0,0.0012604485534801384
0,0,0.0007921122456649741
0,0,0.00020166557219309064
0,0,0.0010103111323410132
0,0,0.002478883619595313
0,0,2.2692818356990272e-05
0,0,0.00011624680563684608
0,0,0.00013587536490603696
0,0,0.00020257031856318707
0,0,0.0004113006816572236
0,0,0.0004088993590526585
0,0,0.0003863292429324061
0,0,0.0007590991119938573
0,0,0.0006765587471447848
0,0,0.0005582768853587656
0,0,0.0018218213076331238
0,0,0.00035453467107555
0,0,9.369387158967803e-05
0,0,0.009303360739238875
0,0,0.0023506578665854396
0,0,4.6659943066420523e-05
0,0,0.0006944070646901259
0,0,0.000541070804676916
0,0,0.0015714971207766114
0,0,0.00023230440798469116
0,0,0.00048146367499901123
0,0,0.0009175170613962248
0,0,0.0013193476091990536
0,0,0.0009825670227266007
0,0,0.0005835954976972796
0,0,0.00032318827647094523
0,0,0.0004903175528603534
0,0,0.0003039102024096266
0,0,0.004708002120235366
0,0,0.00024506112098679434
0,0,0.000374337442956962
1,1,0.9172284795336489
0,0,0.00026025957779347413
0,0,0.00041576029704617785
0,0,0.0007286406046650944
0,0,0.0003811871342454289
0,0,0.00021448131046414626
0,0,0.000792702376026771
0,0,0.0001555724664422463
0,0,0.00038197677971224173
0,0,0.0008335168297607404
0,0,0.0006549703473903123
0,0,0.0004577642005811181
0,0,0.00013793887417428948
0,0,7.623048918809276e-05
0,0,4.0995881182522e-05
0,0,0.0003296424303253015
0,0,0.0006230382941566964
0,0,0.00011350796113647231
0,0,0.00018618834713731735
0,0,0.0005228986290791514
0,0,0.00017777545034200595
0,0,0.0006900762078069491
0,0,7.196366090852839e-05
0,0,3.5124222292932343e-05
0,0,0.0010514990392275197
0,0,0.0005022956961741696
0,0,0.0006952905828471266
0,0,0.0004095714550229795
0,0,0.00015046728836849905
0,0,4.5604340038635174e-05
0,0,0.002442826697158914
0,0,0.00042486131389700573
0,0,0.00045002584285123607
0,0,0.0005918321872773589
0,0,0.00013594826027960987
0,0,0.0005868321734341599
0,0,0.00012727938440728327
0,0,0.0013115376254744333
0,0,0.00020482758835674408
0,0,0.00033912855772669773
0,0,0.0001093850452842956
0,0,0.0012106897335221025
0,0,0.002898216331772887
0,0,0.0003512379142691369
0,0,6.903539306581848e-05
0,0,0.001466059413348917
0,0,0.0002146480320617068
0,0,0.0005214669632034512
0,0,0.0013726245905374503
0,0,0.00011089761911712086
0,0,0.00034934910543150586
0,0,8.406497081266564e-05
0,0,0.0008232221513775882
0,0,0.0010062217017613813
0,0,0.0010271752570483014
0,0,0.0001950935505330156
0,0,0.0004677476813562028
0,0,0.0001334942133942777
0,0,0.00014383207147163955
0,0,0.0023408202996192825
0,0,0.0002514825618137144
0,0,0.0015308089883885295
0,0,0.00012832123432906075
0,0,0.0001046119104195931
0,0,0.0005481981319159402
0,0,0.0004558143693232213
0,0,0.00017310205994312212
0,0,0.0005924882554170004
0,0,0.0005671817986730041
0,0,0.0005940433636842267
0,0,4.857045891331742e-05
0,0,0.00022626925683841176
0,0,0.00026288484941083823
0,0,0.00012721101724215295
0,0,0.0007021106602744833
0,0,0.0015834072692712125
0,0,0.0007831297153813861
0,0,0.0009569644073402994
0,0,0.003095335226670044
0,0,0.00035358952833413763
0,0,7.245528162097338e-05
0,0,0.00017493073950526394
0,0,0.0002441773764480295
0,0,0.0003246381509020855
0,0,0.0007529713667171693
0,0,0.0002178008051163667
0,0,0.0022304063179464447
0,0,0.0005185473530281751
0,0,0.0003448207015865396
0,0,0.00039363517712552744
0,0,0.0002097963539673209
0,0,4.2336149566362614e-05
0,0,0.00016660659620823374
0,0,0.0010654585555562519
0,0,0.0014413278968333303
0,0,0.00012277235020623613
0,0,0.0006730116417783607
0,0,0.0004061602607503162
0,0,0.00038188943479893324
0,0,0.00027473852260554755
0,0,0.0006745306558404059
0,0,0.0006561125279664446
0,0,0.0002656696319815783
0,0,0.0004239382777881945
0,0,0.00046876393885669337
0,0,0.0004095332808562302
0,0,0.00035016768924744864
0,0,0.0006431808234959993
0,0,0.000816848370858712
0,0,0.00041703756467980686
0,0,0.0006116515738702842
0,0,0.0010597388470395162
0,0,0.0003390568146434253
0,0,0.0007993354846594024
0,0,0.00019229459073591748
0,0,0.00011968755918322686
0,0,0.0009011521577960265
0,0,0.0012195765297867195
0,0,0.0002204366849276375
0,0,0.001053839528981294
0,0,0.000580653935978553
0,0,0.0011243450587693714
0,0,0.00048134265777124324
0,0,6.909119896539693e-05
0,0,0.0007796672688036801
0,0,0.0008980788925507437
0,0,0.00022774256325019897
0,0,0.0009013698580589363
0,0,8.788349011669827e-05
0,0,0.00016728672367259393
0,0,0.0011281187233815949
0,0,0.00021092660308387898
0,0,0.0006173583836931244
0,0,0.001939552079106644
0,0,6.552746653976957e-05
0,0,0.0009310910529343758
0,0,0.00018634787238618126
0,0,0.0006622530669372975
0,0,0.0033381117687362794
0,0,4.889449026927888e-05
0,0,0.00047010776241272
0,0,9.337976625320286e-05
0,0,0.0005459479316027492
0,0,0.00010643094644170536
0,0,0.0009361067170815554
0,0,0.0019644181896605103
0,0,0.00036261296576518457
0,0,0.0010264391289740125
0,0,0.0007417888886362046
0,0,0.018012836573215465
0,0,0.0001633543498176142
0,0,0.0017893548953335084
0,0,0.0016018102912247626
0,0,0.0007543976689384938
0,0,9.908152373797729e-05
0,0,0.0005678195561405819
0,0,0.0003020741230935452
0,0,0.0007205399795141555
0,0,0.0005256488429013209
0,0,0.0202809818306618
0,0,5.6955059385423526e-05
0,0,0.00037082579342365135
0,0,0.0040947420605744
0,0,0.0001231926981621959
0,0,0.00031707774470287925
0,0,0.00047518716687840315
0,0,0.0005327511350102833
0,0,0.00011726276413076042
0,0,0.0001367965841524729
0,0,0.00011778659358059353
0,0,0.0011685144914514215
0,0,4.3200921229322474e-05
0,0,0.00019700162327088302
0,0,0.00042185989798075737
0,0,0.004010862517947182
0,0,0.00011016844756097604
0,0,0.0003417183899650355
0,0,0.0005332364845910101
0,0,0.000436529339020858
0,0,0.00029138591205701614
0,0,0.0022953694742566077
0,0,0.00027536671628780514
0,0,0.0001897826637206568
1,1,0.9999394021107271
0,0,0.0003424021170291221
0,0,0.0011400796852966742
0,0,0.00024802671239395046
0,0,0.0005484322331143692
0,0,0.00029292468983786133
0,0,0.0003414479951842925
0,0,0.00029439283415944544
0,0,0.0001692640088710377
0,0,0.00028397007649891726
0,0,0.0005338321563862723
0,0,0.00011625243256595591
0,0,1.5169643672773781e-05
0,0,0.0004748879083662782
0,0,0.00023377307110897228
0,0,0.0010805431141904078
0,0,0.000366865430163654
0,0,0.0003376546069926325
0,0,0.00018777877955507502
0,0,0.0008772158026181751
0,0,0.0004658866088360596
0,0,0.0005790350220311325
0,0,0.0002188963339923272
0,0,0.0010131581294451429
0,0,0.0008541289969282034
0,0,0.0003142243533502758
0,0,0.0010988239582939547
0,0,0.0010111876311593953
0,0,0.00017617741580810492
0,0,0.0001380254916499977
0,0,0.00044979120189289515
0,0,0.0007615168308061152
0,0,0.00019506129372318253
0,0,0.00018968681079897277
0,0,0.0002067041141264792
0,0,6.54083887127399e-05
0,0,0.0013929045974561119
0,0,0.00020689725083964668
0,0,0.0008437952453184193
0,0,0.00022428918893666608
0,0,7.575356526859507e-05
0,0,0.0005920545985417641
0,0,0.0008291535218274946
0,0,0.0008886932665500671
0,0,0.0005632678140978186
0,0,0.0003270697893806841
1,1,0.9999694982178933
0,0,0.00023785832786261106
0,0,0.00018636708066066486
0,0,0.0004002399815064669
0,0,0.00041247412673112036
0,0,0.00029671362506347726
0,0,0.0003937183728132849
0,0,0.002592788692495104
0,0,0.002533676486075813
0,0,4.694784151313605e-05
0,0,9.966563317202295e-05
0,0,0.00027265981357795145
0,0,0.0004350473102311357
0,0,0.00021963988348121547
0,0,0.0003750529180841929
0,0,0.0005165635779020842
0,0,0.0017481220678111265
0,0,0.0006602203545226098
0,0,0.0003623875959042347
0,0,0.00033150502466201197
0,0,0.00027084272706934465
0,0,0.00020732481478667373
0,0,0.00015542947366754234
0,0,0.00047464836775425623
0,0,0.00016982497672147324
0,0,0.0003081254921015252
0,0,0.0002653956116685511
0,0,0.0012972562966149358
0,0,0.000558266546424994
0,0,0.00038582212030418043
0,0,0.004111162769442959
0,0,0.00013769402036419191
0,0,9.879301464512585e-05
0,0,0.0004999655201392279
0,0,0.001083461423215331
0,0,0.000206136078727361
0,0,0.000659037071547396
0,0,0.0002987216309016305
0,0,0.04416239505000256
0,0,0.003950103559274883
0,0,0.001132091630920047
0,0,0.00027829496568868234
0,0,0.00038413553229365015
0,0,4.467016463021689e-05
0,0,0.0007677024543166293
0,0,0.000760004370420741
0,0,0.0006715839903788747
0,0,0.00015542178334397445
0,0,0.00030830565202406976
0,0,0.0005227772195277729
0,0,0.0006295155774526128
0,0,0.0007874703878820998
0,0,0.0005102435338013392
0,0,0.0006482068884498585
0,0,0.0031187818827311093
0,0,6.662253739841925e-05
0,0,0.0008033615608929491
0,0,5.5991963760508444e-05
0,0,0.0003912341013504833
0,0,3.158139189884653e-05
0,0,7.605927590280559e-05
0,0,0.00033258740874577607
0,0,0.0016200148746647886
0,0,0.0003801101086474349
0,0,0.00016784544626756304
0,0,0.0005502547412332989
0,0,0.0009544887633078636
0,0,0.000601133032551116
0,0,0.00019387607033426738
0,0,0.0002089004761186804
0,0,0.0009624469204191424
0,0,0.0008612653277901088
0,0,0.0001965623552130375
0,0,0.004071152759422183
0,0,0.0006166470271619671
0,0,3.932799174115884e-05
0,0,0.00011822709505845864
0,0,0.0002895377778124766
0,0,0.00017736552946804747
0,0,0.0002442155695580408
0,0,0.00020792709045992078
0,0,0.0023945005076592197
0,0,0.0007558784340254045
0,0,0.0006513864149295785
0,0,0.00019688271251197355
0,0,0.0004223987902952941
0,0,0.0002586029450560309
0,0,0.00046692946644307485
0,0,0.00221633752185255
0,0,0.0004890642334817214
0,0,0.00017765065804918983
0,0,0.00017756586266557336
0,0,0.0003506052662775053
0,0,0.00020371916838930106
0,0,0.0010260670788148794
0,0,0.0008253488688127661
0,0,0.00046447632854854955
0,0,0.004649773646589279
0,0,0.0004024405541758426
0,0,0.00021672274472409072
0,0,0.013923399041993257
0,0,0.0001918444868447528
0,0,0.00045282412955167955
0,0,0.0003397404544740123
0,0,0.0006062978692346425
0,0,0.0004515605668659562
0,0,4.965509791944448e-05
0,0,0.000718314416812851
0,0,0.000608932558834635
0,0,0.0002644518091668783
0,0,9.891847872954267e-05
0,0,0.0012975978268452595
0,0,7.117584803165118e-05
0,0,0.0010370972879081193
1,1,0.9886016213262964
1,1,1.0
0,0,0.0006691499266990771
0,0,0.0005771109521115844
0,0,3.113025663579592e-05
0,0,0.0003432603350716357
0,0,9.775529954920829e-05
0,0,0.0004141718899579988
0,0,0.00012260896088201598
0,0,0.0011680369953860521
0,0,0.00016753018898925433
0,0,0.00026224372853157996
0,0,0.00023040349851726345
0,0,0.0003051526639710812
0,0,9.47257157309518e-05
0,0,0.0006191285458080789
0,0,0.00030545527589618653
0,0,0.0002861305018653443
0,0,7.612151871582344e-05
0,0,0.0003575940576048557
0,0,0.00018581313668500975
0,0,0.001057247253334926
0,0,0.0009802619831512085
0,0,0.00016822101649446958
0,0,8.450354487920092e-05
0,0,0.0003053603277976169
0,0,0.0010071061324648312
0,0,0.0002171295995427911
0,0,0.020689983964584005
0,0,3.322009344009039e-05
0,0,0.0006108270097761014
0,0,0.0001032155037410253
0,0,0.00029977883844822047
0,0,0.0011421214001570913
0,0,0.0001200483265608729
0,0,0.00015156072314804757
0,0,0.00015834861472842013
0,0,0.0001351174546191242
0,0,0.000266260648720219
0,0,5.776483991071748e-05
0,0,0.0005712790791856558
0,0,0.000414724242754489
0,0,0.00029078764464777703
0,0,0.0005508976406160968
0,0,0.000174514502396584
0,0,0.00017893670624307464
0,0,0.0005217452043577114
0,0,0.0005149179647512489
0,0,0.00020321257279655596
0,0,0.00017827453385079318
0,0,0.0004253488152387824
0,0,0.00014266400998582873
0,0,0.0007241121993794622
0,0,0.0002454255588842185
0,0,0.0002608385571000382
0,0,0.0016159524122654314
0,0,4.147427415501464e-05
0,0,0.01536913525297177
0,0,0.00011968765180752958
0,0,0.0006936138774424567
0,0,0.0011862711554298435
0,0,0.001889738055197444
0,0,0.00012029934635988781
0,0,0.00014208569156310208
0,0,0.0003073374703249296
0,0,0.0006443045732860923
0,0,0.0005980159418840267
0,0,0.00020217581942617385
0,0,0.002026573297653612
0,0,0.000539366341316017
0,0,0.0009160903655197512
0,0,0.00041780657899221166
0,0,0.00011096155197860404
0,0,0.00025265670201902183
0,0,0.0009102544806135376
0,0,9.205514518899112e-05
0,0,7.332570337927722e-05
0,0,0.0001623235677556884
0,0,0.0001649406126630777
0,0,0.0008115493349077083
0,0,5.559196363308744e-05
0,0,0.000754084332290908
0,0,0.0026512900422300477
0,0,0.017747459572941854
0,0,0.00031324014401846225
0,0,0.0001482599804425052
0,0,0.00020393925133353562
0,0,0.00014393234102287418
0,0,9.015319468264484e-05
0,0,0.0004044462223675855
0,0,0.00028969037666410653
0,0,0.000302155754045364
0,0,0.00021018397556310072
0,0,0.0003019203309223516
0,0,9.294411435830024e-05
0,0,0.0002888738048216029
0,0,0.0013802606695892227
0,0,0.0007684515718570521
0,0,0.00024158261134938171
0,0,0.00025734687830120367
0,0,0.0007201717808915886
0,0,0.0010283095109376015
0,0,0.0006893903138866712
1,1,1.0
0,0,0.0009503154631919453
0,0,0.0006317977544166053
0,0,0.00015309578669074674
0,0,0.0008932938416753005
0,0,0.00045865492107843544
0,0,0.0005685981585595531
0,0,0.0008546484751140413
0,0,0.0018364774399286634
0,0,0.0003763906648279124
0,0,0.00022082069287225278
0,0,0.0007312976723319938
0,0,0.0005808583384444923
0,0,0.0018399994437447726
0,0,0.00034661542613911693
0,0,0.000674700860551839
0,0,0.00026852725113111635
0,0,0.0011742550199769072
0,0,0.00019002201672030174
0,0,0.0007539699406230957
0,0,0.00025908011664432855
0,0,0.00018887725325942334
0,0,0.00013884096270254932
0,0,0.0704636150712969
0,0,0.00032792551298387105
0,0,0.0013093037639376195
0,0,0.0001432075147753314
0,0,0.00032335738238624634
0,0,0.00030183658366710856
0,0,0.00022841307128415784
0,0,0.00028428484154811916
0,0,0.00025588444285199656
0,0,0.0004688226934687207
0,0,0.0003631497955786942
0,0,0.00017788693492781224
0,0,0.0006186081727229365
0,0,0.0009039357437450008
0,0,0.00014468124748817456
0,0,0.00031204024535110974
1,1,0.9653393676335826
0,0,0.00041946576556924694
0,0,7.955323499660513e-05
0,0,0.0005432025799445126
0,0,0.0009995251658022437
0,0,0.0008370765989830653
0,0,0.00037870357119113035
0,0,0.00025649067688141616
0,0,0.0005712128925365574
0,0,0.0001342689289385706
0,0,0.00031795460676552624
0,0,0.0005662487708420308
0,0,4.2539183488057905e-05
0,0,0.0020494246910781368
0,0,0.0017340409124448277
0,0,0.0009530331674182551
0,0,0.0015369353335686275
0,0,0.00019859069940895857
0,0,0.001316212097375652
0,0,0.00029014065799471333
0,0,0.00017865029816510893
0,0,0.00036267789266354405
1,1,0.9999999955855385
0,0,0.0011062791841069365
0,0,0.00035437115804729273
0,0,3.219389460478628e-05
0,0,0.003480483339658316
0,0,0.000873259622636131
0,0,0.00022525467547239062
0,0,0.0003029559784537823
1,0,0.22446974026630806
0,0,0.0003043927597362201
0,0,0.0012207389322186478
0,0,1.3537485950646965e-05
0,0,0.0010091487291441735
0,0,0.0001215160677674792
0,0,0.0005362966907388539
0,0,0.0002172237369946861
0,0,0.00030639091981523773
0,0,0.0006783629421223004
0,0,0.00155264334328005
0,0,0.004002157457902588
0,0,0.00020759371415161106
0,0,0.00010673507153954996
0,0,0.0002908990407931316
0,0,0.00034536764324694265
0,0,0.0022117702526606377
0,0,5.757077869931563e-05
0,0,0.0005469239364487479
0,0,0.00025920452757321474
0,0,0.0016553809485933173
0,0,0.0039223494874441045
0,0,0.0010195624573432881
0,0,0.0007189709749793537
0,0,0.0007810025605917404
0,0,0.0002134818864762253
0,0,0.0005828253890386163
0,0,0.00042831494430625657
0,0,0.00022781737706991889
0,0,0.00035392564807048063
0,0,0.0002565391582242129
0,0,0.00018227839105771718
0,0,0.00033686552598019575
0,0,0.00027615299673756493
0,0,0.0004638632694403963
0,0,0.0006742532555717089
0,0,0.000893713055700771
0,0,0.00023792004311484267
0,0,0.0004119911481628659
0,0,0.0007013636184532091
0,0,0.0002832599342255236
0,0,0.00021456433913693112
0,0,6.480396956957577e-05
0,0,0.00038611365072921394
0,0,0.00030705055117457816
0,0,0.0005337388292234527
0,0,5.433759573911468e-05
0,0,0.0006291934490945644
0,0,7.804609866368766e-05
0,0,0.0007189267291099338
0,0,0.00017067970878506717
0,0,0.00044267676908414807
0,0,3.787263913428818e-05
0,0,0.012426870093101118
0,0,0.0002140762002007379
0,0,0.0002434108252361512
0,0,0.0032530643607943934
0,0,0.0003811566503047753
0,0,0.00044624614012554547
0,0,0.0001541748157033199
0,0,0.00012368897123755636
0,0,0.017685175935575406
0,0,0.00016570131948060213
0,0,0.0018551050457263384
0,0,0.0007265470267010428
0,0,0.00016950492654743004
0,0,0.000389153657208854
0,0,0.0010718653046467676
0,0,0.0004561863290041391
0,0,0.00036966510059091275
0,0,0.0014740882762720546
0,0,0.002177576110509285
0,0,0.00026087637017616603
0,0,0.00021883208117043216
0,0,0.00013794070909116285
0,0,0.0001689038692120584
0,0,0.0003042031537666716
0,0,0.0007193668864054286
0,0,0.0009147828608789265
0,0,0.0001513396194885219
0,0,0.00011195839661380262
0,0,0.00035400553984881567
0,0,0.0008665104901423447
0,0,0.0005524211308320532
0,0,0.00040475265875371047
0,0,0.0001589485037095788
0,0,0.00034244506735329566
0,0,0.00013226707125772125
0,0,0.00032234642724540317
0,0,0.0018269316101951595
0,0,0.0008253655534587899
0,0,0.0002806117813584998
0,0,0.0012484182376632394
0,0,0.002103770590211683
0,0,0.00022242180304149397
0,0,0.00011125272020275069
0,0,0.0013896248842806384
0,0,0.0001897395303567503
0,0,9.846096717886635e-05
0,0,0.00011784169314887224
0,0,0.0005629529040638604
0,0,0.00021516474480156702
0,0,0.0004917389372490516
0,0,0.00011440252541292701
0,0,0.0003556246250102151
0,0,0.0005931810099203018
0,0,0.0006998111475691608
0,0,0.00047415762631871126
1,1,0.9999269758945726
0,0,0.0008957695474827874
0,0,2.3438470762566023e-05
0,0,0.0003232589201698189
0,0,0.00019980180570782256
0,0,9.040366132303791e-05
0,0,0.0002686330686907853
0,0,0.0007026078788079295
0,0,0.00016380161826772224
0,0,0.002650639832215845
0,0,0.00022882780197821113
1,1,0.9425823520003199
0,0,0.0002502526013506705
0,0,0.00013620423683868502
0,0,0.0001401877159913757
0,0,0.0012918798245106834
0,0,0.0004390456820116624
0,0,0.0002705445604565203
0,0,0.000762541842893563
1,1,0.7804939901828272
0,0,0.0007854789938188796
0,0,0.00047801294406616383
0,0,0.001094647141433574
0,0,0.0001656932016069293
0,0,0.00020115453472030107
0,0,0.0012837313028785254
0,0,0.001393949325564551
0,0,0.0018638176172018819
0,0,0.0010014749358086006
0,0,0.0001328325335330352
0,0,0.0003615568753695344
0,1,0.7429118139810668
0,0,0.0002473793798846269
0,0,0.0007501072409866184
0,0,0.0004721982450160668
0,0,0.0014135769637423471
0,0,0.019247117292060977
0,0,0.00019706219220399197
0,0,0.00012214388017914806
0,0,0.0002719190960801301
0,0,0.0002832777172870162
0,0,0.0026594899456357985
0,0,6.719647109326204e-05
0,0,0.0004064064871002921
0,0,0.0011573065856040987
0,0,0.001987395411507432
1,1,0.9999999554977756
0,0,4.049243175713223e-05
0,0,0.0003257568711013574
0,0,0.00022672840555422238
0,0,0.00012516280899896765
0,0,0.0010259839151962938
0,0,0.00033997891575745923
0,0,0.0003927618526805753
0,0,0.0005802227006196707
0,0,7.396416418103797e-06
0,0,0.0017959600407581697
0,0,0.0009495261353025972
0,0,0.0006492578454388983
0,0,0.0002731070437016398
0,0,0.0002213536205925671
0,0,0.0005826036227621847
0,0,9.091281567846683e-05
0,0,0.0003234839913652832
0,0,0.0012465784256623428
0,0,0.0009545403144242911
0,0,0.0004744197201478838
0,0,0.0008378804140134628
0,0,0.00017852151037778437
0,0,0.0007731952207985687
0,0,0.00034797734764492345
0,0,9.485529322651803e-05
0,0,0.0022247831147241184
0,0,0.0008987791320163262
0,0,0.00019578172411138578
0,0,0.0003289580203489669
0,0,0.00011109193134929869
0,0,0.0001199028389797463
0,0,0.0003126643757464194
0,0,0.0003050156242729069
0,0,3.15515097412895e-05
0,0,0.003454149662849501
0,0,0.0004900877308983247
0,0,0.0002118495387080841
0,0,0.000699479751839048
0,0,0.0002263135640665903
0,0,0.0008315723917612862
0,0,0.012508803798831198
0,0,0.0005749128673085156
0,0,0.0010100099368950135
0,0,0.002837677656420539
0,0,0.00750401599144389
0,0,0.0008072846939603899
0,0,0.00019918723113824166
0,0,0.00019067356668904856
0,0,0.00011561392613094641
0,0,0.0003714453293333547
0,0,0.00012906448368925046
0,0,0.0007135832457338656
0,0,0.0008599128390813742
0,0,0.0011205148252589109
0,0,0.00028374159492640226
0,0,0.0001802198891177538
0,0,0.0002455178808198332
0,0,0.001178567270806754
0,0,8.892486255261286e-05
0,0,0.004329864104348992
0,0,0.0012365391350773673
0,0,4.8109605416884204e-05
0,0,0.00012842491421356455
0,0,0.0005899364014647124
0,0,0.001157467332202277
0,0,0.005100207686459874
0,0,0.0015074353933218457
0,0,0.0005972575718679424
0,0,0.0005963593006768414
0,0,0.0004991782542716827
0,0,0.00022436431391470245
0,0,0.03640031817530926
0,0,0.0006139185639250171
0,0,0.0013968162440924053
0,0,2.4935051058342176e-05
0,0,0.002906153667615745
0,0,0.00010749802044773959
0,0,0.0003404724222579013
0,0,0.00046740561081673964
0,0,0.0006247780080606224
0,0,0.0005763974856331051
0,0,0.00029840800308703145
0,0,0.0001659844982224921
0,0,1.7737502490732698e-05
0,0,0.00028110311310803975
0,0,0.0005323675232346267
0,0,0.00033649598207519083
0,0,0.00014494157693692886
0,0,0.000362131039041525
0,0,6.491827782510274e-05
0,0,0.00023387537742426828
1,1,0.99999999999994
0,0,0.00013178966078244595
0,0,0.001631499277329859
0,0,5.0590793558428627e-05
0,0,0.0012455596773609616
0,0,0.0004416587314051785
0,0,0.0018879730865383486
0,0,7.57555646150443e-05
0,0,0.0007198228072837158
0,0,0.0015183271388642368
0,0,0.0006350328562508844
0,0,0.0007729388347377756
0,0,0.00024105109991011132
0,0,0.00028913361463372967
0,0,0.0018233100390344632
0,0,0.0009268099247402691
0,0,0.0003090146366066575
0,0,0.0015106854978017986
0,0,0.00011763249381348468
0,0,8.163004723764332e-05
0,0,0.0004643414548160142
0,0,0.00272918461910233
0,0,8.407604573517717e-05
0,0,0.0012865561654839955
0,0,0.0002856127978985298
0,0,0.00020031357647823578
0,0,0.00035370293265854193
0,0,0.0008208867090676077
0,0,9.851588956165806e-05
0,0,0.00041269420513459395
0,0,0.00046253793146813066
0,0,0.00030078456125937373
0,0,0.0006385076902593014
0,0,0.0004245270652710685
0,0,0.0002823703067626495
0,0,0.0006110344138817551
0,0,0.0012058938064816865
0,0,9.450153101879016e-05
0,0,0.00012987417687593833
0,0,0.0001340102361395912
0,0,0.00024492902789740613
0,0,0.002352008492172869
0,0,0.000780803976757384
0,0,0.00022073199481879117
0,0,0.00011309477942864245
0,0,0.0006408810269551501
0,0,0.0005055952954697156
0,0,0.00025260924671403244
0,0,0.00015345053217857534
0,0,0.0002662089450198483
0,0,0.00032894639976125355
0,0,0.0007777771238298734
0,0,0.0004676152491600721
0,0,0.00039111995015458483
0,0,0.0006333653933865175
0,0,0.00010922196953756876
0,0,5.905809349471991e-05
0,0,6.654606135416981e-05
0,0,0.000734946230293494
0,0,0.00033937046019679324
0,0,0.0002281797381864657
0,0,0.00010106289355125651
0,0,0.001387734799526028
0,0,0.0039642247048010055
0,0,0.00017328497368532549
0,0,0.0012419373870669306
0,0,0.00039925085865722933
0,0,0.001856171559890682
0,0,0.00016104996903626561
0,0,0.0001815353855526257
0,0,0.0003130004872361326
0,0,0.00016758513233234605
0,0,0.00032360298108172886
0,0,0.0020332681737132135
0,0,0.0001544744832580785
0,0,0.00036819671432184896
0,0,9.935367238491811e-05
0,0,0.0005736071599159662
0,0,0.0004938209823426889
0,0,0.00030006783302998267
0,0,0.0014394193475703318
0,0,0.00019278067553012127
0,0,0.0017621954250084104
0,0,0.00034688668617963294
0,0,0.0002094160138013119
0,0,0.00032324190822049934
0,0,0.00026582799351425063
0,0,0.0019708011452572232
0,0,0.002620916238807668
0,0,0.0007073272355837511
0,0,0.0005877461431233011
0,0,0.00042885203183059086
0,0,0.0004491747391851097
0,0,0.0005230159741749698
0,0,3.187048453347134e-05
0,0,7.762508020434714e-05
0,0,0.0005893526138963496
0,0,0.00048151430498024635
0,0,0.0005907169285130883
0,0,0.003587014885355365
0,0,0.0006230302435245731
0,0,0.0006946418388197894
0,0,0.0001594846818624146
0,0,0.0004302510401291952
0,0,0.00026789184763612375
0,0,0.002493325577981535
0,0,0.0004248250005140366
0,0,0.0002488397201432397
0,0,0.0007815824043544536
0,0,8.704149967308715e-05
0,0,0.0006697620517542649
0,0,0.00032962837497499316
0,0,0.00010775180194099911
0,0,0.0001543567718175662
0,0,0.00033006138829665404
0,0,0.0014262827893221925
0,0,0.00215398039815489
0,0,0.00024501308705478274
0,0,0.003135798271137437
0,0,2.0545451680858335e-05
0,0,0.00037038769534564165
0,0,0.00047326164922182495
0,0,0.0009661763318202053
0,0,0.00088939254853528
0,0,0.0003077828344917345
1,1,0.9109813571187827
0,0,0.00025531714158893103
0,0,0.0010284576826903853
0,0,0.0025445399298643675
0,0,0.00022644863766514868
0,0,0.00021742587357454957
0,0,0.0001957623120245532
0,0,0.0007763494212018849
0,0,0.0005626318805379927
0,0,0.0006886812498467074
0,0,0.00038674946840344904
0,0,0.0002624688383050154
0,0,0.0005436195758119918
0,0,0.01898509490102344
0,0,0.0003209597172772721
0,0,0.0005853136879390865
0,0,0.0002503950133588361
0,0,0.00026049706427264796
0,0,0.00033149061107073046
0,0,0.0002785281808873006
0,0,0.0005093380286628058
0,0,0.0005949047044840274
0,0,0.0006059582705692611
0,0,0.005927645270299186
0,0,0.0004806589804626334
0,0,0.00046358648142188607
0,0,0.0011910681884262954
0,0,0.0034042860004165243
0,0,0.0006677332268084553
0,0,0.0009237603751782612
0,0,0.00026561168742728606
0,0,0.0009111357214071186
0,0,0.001519453242029138
0,0,7.793010091817602e-05
0,0,0.00034234743346082594
0,0,0.0005151151290433863
0,0,0.0001612100827384939
0,0,0.0007823967909164476
0,0,0.0003651467737268083
0,0,0.0004649735800950555
0,0,0.0001686240201048521
0,0,0.0006908309189204439
0,0,0.0003700000793489884
0,0,0.00048199031662754055
0,0,0.0006130070672039564
0,0,0.0008112050033800613
0,0,0.00029376384844845933
0,0,0.0004200088277183922
0,0,0.0003584859589644556
0,0,0.0008083207182306803
0,0,0.002103870908360565
0,0,0.00019111165367108164
0,0,0.0004398522990095509
0,0,0.0007298081977541589
0,0,0.0002690405783535066
0,0,0.0013380478381722705
0,0,0.0004042674067443546
0,0,0.001083690101566729
0,0,0.0008361296082938805
0,0,0.0012082184664564993
0,0,0.0006132363014771929
0,0,0.000831206774990299
0,0,0.0006973591109982005
0,0,0.0004903563158595781
0,0,0.00020924982478283188
0,0,0.00018515026876474405
0,0,0.00036979097178037383
0,0,0.0005105803899805094
0,0,0.0021479508261157644
0,0,0.001373590321985996
0,0,0.0002495618685724446
0,0,0.0006378484995924102
0,0,0.0006068345125322596
0,0,0.0010677495173686425
0,0,0.0012206027914852375
0,0,0.00023309655285273112
0,0,0.0004403123566050005
0,0,0.00011404839813630976
0,0,0.00034289606876589183
0,0,0.0001494116555496776
0,0,0.0002230100694643474
0,0,0.0003106032519577613
0,0,8.743150468402798e-05
0,0,0.0002447579949436768
0,0,0.00041609932240079206
0,0,5.5036830943024864e-05
0,0,0.0016546233178744254
0,0,0.0009844350013280471
0,0,0.00040999608317449435
0,0,0.00011682720463942064
0,0,0.0004781691607156251
0,0,0.0028889743512495103
0,0,0.00051245464691097
0,0,0.0007752393885821705
0,0,0.0010559607673481777
0,0,0.00030807335029845145
0,0,7.225497090775377e-05
0,0,0.0013138530471261962
0,0,0.00015286233320446174
0,0,0.0006053638012322466
0,0,0.0009795185081504063
0,0,0.0006259683475262496
0,0,0.001169453282350673
0,0,0.0008266122038904948
0,0,0.0010092236332150074
0,0,0.0010629316773891405
0,0,0.000495823056876892
0,0,0.0007319196285413382
0,0,7.100545606285019e-05
0,0,0.0008804742370542251
0,0,0.00052674165482376
0,0,0.000360344506226645
0,0,0.0015784418905457486
0,0,0.0005647297518973204
0,0,0.0001306688327237495
0,0,8.469889548295731e-05
0,0,0.0010598770516569204
0,0,0.0026883521740432292
0,0,0.0017452668383391562
0,0,0.00020526059829515964
0,0,0.0024434990733954508
0,0,0.00027350830712923307
0,0,0.0001719406181091411
0,0,0.0006315757479456705
0,0,0.0003694415966619292
0,0,0.00028164123306769894
0,0,7.324953677632248e-05
0,0,0.00030726511178953085
0,0,0.0011905229680393844
0,0,0.0008275637214049107
0,0,0.0010354729484656521
0,0,9.36967863172093e-05
0,0,0.0003028915296751155
1,1,0.9527710489011765
0,0,0.0003759001718579087
0,0,0.00016949709732685546
0,0,0.001048338436216951
0,0,0.0016096611848810752
0,0,0.0007922615021608296
0,0,0.0009403936597167806
0,0,0.0004540354138078875
0,0,0.00031015753390635037
0,0,0.03595169354360336
0,0,0.0005370517122472229
1,1,0.999999401373961
0,0,0.00028604575915733776
0,0,0.0005355149535146623
0,0,0.0006076565904956694
0,0,0.0036027601651905782
0,0,0.00042359234582017765
0,0,0.00016991674928884987
0,0,0.0005222963191378793
0,0,0.001507467455666835
0,0,0.00019188026700525762
0,0,0.0002406460775510847
0,0,0.00045195090487734277
0,0,9.756416137166607e-05
0,0,0.00021690328361728442
0,0,0.0006244691795612794
0,0,0.0008108156238853796
0,0,0.0001859723505632727
0,0,0.0001367880885871337
0,0,0.0002255753709410263
0,0,0.00037658674995592667
0,0,1.0616358225620436e-05
0,0,0.000720185516614075
0,0,0.0004347690671064733
0,0,0.0008464539592384396
0,0,0.0005191412002439954
0,0,0.00019455060620170687
0,0,0.006254133393384605
0,0,0.00017209647478568844
0,0,0.0007210415282613568
0,0,8.979945356593303e-05
0,0,0.0010487220471830034
0,0,4.732321426838666e-05
0,0,0.00013031483446995117
0,0,0.0005847062575597585
0,0,0.00015483672757062692
0,0,0.00046065678208259773
1,1,0.9248120715793304
0,0,0.00013109410174087528
0,0,0.0004237690992444701
1,1,1.0
0,0,0.0006667221414203504
0,0,7.130692967392715e-05
0,0,0.0003603818742923387
0,0,0.00034157221712790073
0,0,0.001015819991172339
0,0,0.0004924878120664906
0,0,0.0003814084148383593
0,0,5.867306861021209e-05
0,0,0.000676780890304005
0,0,0.0012543990814897715
0,0,2.2770034030449174e-05
0,0,0.00011727489360566832
0,0,0.0013866971123110926
0,0,0.001063071124225227
0,0,0.00020618606679277432
0,0,0.0010208769018579837
0,0,0.0018666602363376903
0,0,0.00025625437150528344
0,0,0.0011975383746139327
0,0,0.0003178940845070711
0,0,0.0008861454495841593
0,0,0.00017246214120150352
0,0,0.0003798565218537253
0,0,0.0012214350869896725
0,0,0.000172573583856365
0,0,0.0018218283650630973
0,0,0.00014588039420875367
0,0,0.0003563377508987176
0,0,0.0006450590584044828
0,0,0.0003956763934818103
0,0,0.0006636915295117542
0,0,0.0006420553459913709
0,0,0.0021436309805179564
0,0,0.00019869523202447153
0,0,0.00028735525215203253
0,0,0.0005768319906917687
0,0,0.00044488471170731964
0,0,0.000693541417133896
0,0,0.001605303227077717
0,0,0.00029313095241359646
0,0,0.0002352440571231308
0,0,0.0005473406985451041
1,1,0.7871168114598882
0,0,0.0003110077404072318
0,0,0.0008407394464897934
0,0,0.00033866795300035134
0,0,0.00406771466964326
0,0,0.0007670649382312935
0,0,0.0013987517751764857
0,0,0.001281339908221942
0,0,0.0014744094001292044
0,0,0.0016828693519990254
0,0,5.1924336944071656e-05
0,0,0.0004921252847782673
0,0,0.0006711652141462955
0,0,0.00019739668282531066
0,0,0.0005410377841258212
0,0,0.0004126266000116131
0,0,0.0002547649646953311
0,0,0.00022397092129740649
0,0,0.0003594507125565532
0,0,0.00021890909783874772
0,0,0.0003369931248214094
0,0,0.0002530156417430104
1,1,0.9478648656725812
0,0,0.00037337755882791617
0,0,6.339752504150106e-05
0,0,0.00032107902880657577
0,0,0.0023249320124932357
0,0,0.0014316611776859938
0,0,0.0018468045636164895
0,0,0.0005828478158426627
0,0,0.00011455773388536382
0,0,0.0007224850906796674
0,0,0.000151298154275529
0,0,0.0003829930842480221
0,0,0.0025229127334856004
0,0,0.001790291032592744
0,0,0.0007525782683563095
0,0,0.00039077123177092286
0,0,0.00015243712428166366
0,0,0.0002573808691281568
0,0,0.0004020161766568896
0,0,8.16248096154919e-05
0,0,0.000279044395472372
0,0,0.0015191824550576532
0,0,2.729454412818421e-05
0,0,0.000987326189582404
0,0,0.000509074472303891
0,0,0.00028256430229910146
0,0,0.0012056810457206483
0,0,0.0015890048780439706
0,0,0.0003656147236837662
0,0,0.0006146302795381196
0,0,0.000795922596879395
0,0,0.0008677507289559637
0,0,0.0002386245051615721
0,0,0.0007672362201754385
0,0,0.000649043733614318
0,0,0.0005991618671268827
0,0,0.022492857670184746
0,0,0.000615888452433615
0,0,0.0007540485969087295
0,0,0.00024788637005733233
0,0,0.06728138719013921
0,0,0.00023664697610496546
0,0,0.0036917807486761553
0,0,0.007020452746556003
0,0,0.0002635456931697089
0,0,0.00028802146072612285
0,0,0.0002489209387762617
0,0,0.00027813670405293207
0,0,0.0005316326882490149
0,0,4.409830656828134e-05
0,0,0.0001542479471046021
0,0,0.0018061591547124999
0,0,0.0006447184551352832
0,0,0.0002968337974503562
0,0,5.20108643526527e-05
0,0,0.0003574298356328074
0,0,0.0023023408740374734
0,0,0.001994411329226544
0,0,0.00018055978876797924
0,0,0.00012907297042816907
0,0,0.0019690252380156876
0,0,0.0009449490907847674
0,0,0.00022881468732181606
0,0,0.0004124834320069598
0,0,0.0008399581839359146
0,0,0.0005508904083400373
0,0,0.0006193426581235096
0,0,0.0017698632423354757
0,0,0.00012090327531882289
0,0,0.0008881131499522349
0,0,0.0016969607861452986
1,1,0.7582307397247592
0,0,0.00039664967417349
0,0,0.0005327104625924775
0,0,0.0017990571070420711
0,0,0.00021354266392085815
0,0,0.000302548895120642
0,0,0.00019110252314684845
0,0,0.00039835158449929794
0,0,0.00032952133645767297
0,0,0.000646157756270102
0,0,0.00017088130058154957
0,0,0.0003461721988003239
0,0,0.0010548131835622025
0,0,0.0010224803570768055
0,0,0.00012079650291042362
0,0,0.00026248796862091475
0,0,0.0001981047593335961
0,0,0.0003576044104253873
0,0,0.000389730998785629
0,0,0.0002849860827405378
0,0,0.0031365401681163313
0,0,0.0008444205161661342
0,0,0.0001266179296791898
0,0,0.002748810742340129
0,0,0.002135100477318759
0,0,0.006286901345145895
0,0,3.4915238397911106e-05
0,0,0.00016588923274167032
0,0,0.00022674853752593279
0,0,0.00026097781512874837
0,0,0.0011636775403536543
0,0,0.00012953064236297953
0,0,0.0003869498061891548
0,0,0.0005611900689776405
0,0,0.0005934439809906036
0,0,0.0002686224223798183
0,0,0.00025815944880434475
0,0,0.0008537675246694356
0,0,0.0002108518645375611
0,0,0.0021937196511964525
0,0,0.0004984823501806625
0,0,0.00015756804477938102
0,0,0.00016269355121199968
0,0,0.0013101535994152072
0,0,0.0005258382690020505
0,0,0.0002473869831397448
0,0,0.0003002598367274577
0,0,0.0016489910538527747
0,0,0.0015122952461062366
0,0,0.0008425485594222374
1,1,0.9999999999999998
0,0,0.0008338475560534705
0,0,0.0007218495089019992
0,0,0.00018991288016936622
0,0,0.0003819039852354219
0,0,0.0016214581769612283
0,0,0.0011607989854559725
0,0,0.0031422916998202345
0,0,0.0001444966822204339
0,0,0.00016738288223090448
0,0,0.0004544051222571309
0,0,0.0003976411392937974
0,0,5.836907995796514e-05
0,0,0.0001839676185782842
0,0,0.00023519914185738265
0,0,0.0006044646333398904
0,0,0.00022105924949588105
0,0,0.0005499381192901118
0,0,0.00028816069038627927
0,0,0.0014793666308758847
0,0,0.00021296537014305387
0,0,0.0011653321642226685
0,0,0.001050123177210369
0,0,0.0002431594960211408
0,0,4.4054318195670844e-05
0,0,0.00015191863725101922
0,0,0.0008240758339914581
0,0,0.0002550505341426132
0,0,0.00023283278077034403
0,0,0.0003427892874269097
0,0,0.00025798018391820607
0,0,0.0002720846768688559
0,0,9.634677960154394e-05
0,0,0.00024114395345272463
0,0,0.0002588910407525612
0,0,0.0003846630687328593
0,0,4.6067277997054506e-05
0,0,0.0005653501351233211
0,0,0.0003888120382093672
0,0,0.001058724492239966
0,0,0.0015937501565501493
0,0,0.0002024776158984309
0,0,0.00011194173541772313
0,0,0.00022264030637324028
0,0,0.00032605634658355127
0,0,0.0003462961743824475
0,0,0.0003603752080249006
0,0,0.0003706041356473598
0,0,0.00045710283504944943
0,0,0.0015189938035052445
0,0,0.00010021108803012378
0,0,0.0007471954473867688
0,0,6.539391042788078e-05
0,0,0.00011440144076368486
0,0,0.00019644581442553085
0,0,0.00022928981744837403
0,0,0.0018721572868801914
0,0,0.00034299228245599785
0,0,0.0001986714804622417
0,0,0.0007719754981820978
0,0,0.0005783930880758278
0,0,0.0007216718504124647
0,0,0.00033784142304954366
0,0,0.0003449078995927709
0,0,0.00020516309489722087
0,0,0.0004214074035877379
0,0,0.0024366483727078624
0,0,0.0032780988942478976
0,0,0.0008313627307997073
0,0,0.00015469457367537094
0,0,0.00030524499243454414
0,0,0.0003921309256760778
0,0,0.00011484893658601433
0,0,0.00028920641919713823
0,0,0.00030336053260246373
0,0,0.0024421802779004613
0,0,0.00011743288850497329
0,0,4.7110347009823695e-05
0,0,0.0004029384478237711
0,0,0.0008024691612995581
0,0,0.0008016481705829826
0,0,0.00026986946237616
0,0,0.0001341050170156915
0,0,0.00034851700543656695
0,0,0.0010373791777120622
0,0,0.00023807203557514345
1,1,1.0
0,0,0.00029826812133004505
0,0,0.00012015594660107298
0,0,0.0004672004972651816
0,0,0.00033466170894251503
1,1,0.8784303195552903
0,0,0.0005507776436163305
0,0,0.0021236323188065726
0,0,0.0002966037078802864
0,0,0.00015412037730644772
0,0,0.0003836697245637797
0,0,0.0010957056995775211
0,0,0.0009260129002550011
0,0,0.00012668836273597742
0,0,0.0008956123431936113
0,0,0.0003963753872326822
0,0,0.0008300893661512159
0,0,0.0018857279765083232
0,0,0.00030174954279032443
0,0,0.0004081645490821059
0,0,0.0001539851173381721
0,0,0.00034665733688132394
0,0,0.000319422400609494
0,0,0.000594945095185281
0,0,0.0005576061812765565
0,0,0.0007104632834292002
0,0,0.0008569321644483404
0,0,0.000601167681858879
0,0,0.0011832219143530745
0,0,0.0008184933594197371
0,0,0.0004649032319575721
0,0,0.004051491014577165
0,0,0.0011651842820164134
0,0,0.00011311446432148267
0,0,0.00131985940434988
0,0,0.0011010599389179273
0,0,0.00023485989211587496
0,0,8.482370483627917e-05
0,0,0.00044167181111551875
0,0,0.0004044896688681609
0,0,0.0003750833427562337
0,0,0.0006247463973916941
0,0,0.0005281728501249315
0,0,0.0005148410389478763
0,0,0.00035212433352931175
0,0,0.000247133922277525
0,0,0.00034311995586993303
0,0,0.0006020376992621013
0,0,0.0006235272818936286
0,0,0.0002639595928863702
0,0,0.0006363037833998164
0,0,8.609484022498841e-05
0,0,0.0008097893189607038
0,0,0.00021777540844502953
0,0,0.0009833004322446946
0,0,0.00025818379268322244
0,0,0.003939418184351939
0,0,0.000424633906794197
0,0,0.0010238960041951055
0,0,0.0034306101499875976
0,0,0.00025878258795016944
0,0,0.0003370778429993941
0,0,0.001202562170258772
0,0,0.00025869649856399135
0,0,0.000504240530635782
0,0,0.0005223437110372763
0,0,0.0003476065046945371
0,0,0.0012555364419581693
0,0,0.0002569755923764166
0,0,0.0007338103699505979
0,0,0.0004424260395510226
0,0,0.0004520524467334893
0,0,0.00012946377375248406
0,0,0.00010377783106052559
0,0,0.00032355762047888353
0,0,0.0004781633664722478
0,0,0.000524155386975274
0,0,0.0003352986322472854
0,0,0.0005062027008559718
0,0,0.0002747646660706434
0,0,0.000525398722049812
0,0,0.0006523487224182373
0,0,0.0014224019658265082
0,0,0.00028248015303283125
0,0,0.00019266244746321272
0,0,0.0002483120701268521
0,0,3.5836754912141e-05
0,0,0.0006084187985979465
0,0,0.0008738995802478029
0,0,0.0005137100766718718
0,0,0.0008616347171822875
0,0,0.0024472857227326016
0,0,0.0018398988312470256
0,0,0.0010132501978372152
0,0,0.0013217480767879857
0,0,0.0006469195165120568
0,0,0.00013201129337290967
0,0,0.005448397055225999
0,0,0.00036277128615154784
0,0,0.000540561528236371
0,0,0.0010978407161501464
0,0,8.225397656460651e-05
0,0,0.0005960817672130857
0,0,0.0008809981628114904
0,0,0.0015714347454362212
0,0,8.466994991549592e-05
0,0,0.0005836711330911678
0,0,0.00037351555525842105
0,0,0.0009904157422835713
0,0,0.0001374390725200866
0,0,0.0002523911174879052
0,0,0.0016539826848080386
0,0,0.0002716644855326149
0,0,0.0004851703581037113
0,0,0.0020927502473747145
0,0,0.0005212890661990012
0,0,0.0001215387522062879
1,1,0.8412139223833477
0,0,0.014955953764460942
0,0,0.0016371999570333588
0,0,0.0006319354973257768
0,0,0.004237087530317133
0,0,0.0004312976779582094
0,0,0.00034686178612883077
0,0,0.000417971341945582
0,0,0.0003442138119465413
0,0,4.1338000157713e-05
0,0,0.0012486661094372495
0,0,0.0006060104943486647
0,0,0.0004929409163958184
0,0,0.0003482709300214136
0,0,0.0002346732450472279
0,0,0.00047751344900029256
0,0,0.000846532875645957
0,0,0.0008470959326344907
0,0,5.560360111304523e-05
0,0,0.0009127074765960931
0,0,0.0003168609903943022
0,0,7.033214178612516e-05
0,0,8.023036600364038e-05
0,0,0.0002683595451535654
0,0,0.0004093919139616881
0,0,6.225186320288046e-05
0,0,0.0002389738226905561
0,0,0.0013522953306537252
0,0,0.00025862781104633143
0,0,0.00013265529823237984
0,0,0.00011886569549007452
0,0,0.0006523476708689945
0,0,0.0008397088093947427
0,0,0.0019814398304784154
0,0,0.0005527519666716153
0,0,6.777564190227737e-05
0,0,0.00022498811565908647
0,0,0.00043784291723031777
0,0,0.0007236438870426633
0,0,0.0008504729558359697
1,1,0.9999996608628288
0,0,0.00047986142059780647
0,0,0.0007727431693724607
0,0,0.0021746468406225773
0,0,1.906338619729105e-05
0,0,0.0007628273380171353
0,0,0.001201296626003487
0,0,0.0011829730568824123
0,0,8.641460760837529e-05
0,0,5.837799917359633e-05
0,0,0.00019656124978175546
0,0,0.00011135187201061108
0,0,6.944972102581207e-05
0,0,0.00048184267691284746
0,0,0.0004609083613234662
0,0,0.002617494045347748
0,0,0.00014592039223327067
0,0,0.001248520747605494
0,0,0.0012731604020065981
0,0,0.000547806380990742
0,0,0.00029574714177927437
0,0,0.0005729825752570467
0,0,0.0017922813092303535
0,0,0.001441203412815018
0,0,7.394771378642416e-05
0,0,0.0004406204142638877
0,0,0.0003582245292619546
0,0,0.0001678500702906886
0,0,0.00014100619551251002
0,0,0.000616042327023937
0,0,8.624469641857134e-05
0,0,0.0040088062907819725
0,0,9.838182707262852e-05
0,0,0.0004000125575283936
0,0,0.004562809173485519
0,0,8.78037387582288e-05
0,0,0.0002222540580394
0,0,0.00020170981004185995
0,0,0.0007142164934191121
0,0,0.0007236709083270672
0,0,0.000739364081949183
0,0,0.0011826978204475423
0,0,0.000277063414203307
0,0,0.0006261958432816602
0,0,0.00022176644184985171
0,0,0.0002093196051966996
0,0,0.0030774628745832873
0,0,8.380110367269469e-05
0,0,0.00015751785813035532
0,0,0.0002427023187015968
0,0,8.684127967802113e-05
0,0,6.667397611147579e-05
0,0,0.0004722900035869702
0,0,0.00022351716242541045
0,0,0.000245306913981513
0,0,0.00032155974005470883
0,0,0.0003818736147140914
0,0,0.0007958390274706207
0,0,0.0009558398147429067
0,0,0.00056947040671316
0,0,0.0005931485859932603
0,0,0.0008089801659433119
0,0,0.00043273515571625793
0,0,0.002641967221556685
0,0,0.0002463185980687494
0,0,0.0006228521122456617
0,0,0.001044887318029321
0,0,0.0019931512045671786
0,0,0.00023513287016301967
0,0,0.00024582460143608557
0,0,0.0006693720500557077
0,0,9.570811294279083e-05
0,0,0.00038661656962875654
0,0,0.00043005047595851
0,0,0.00015940318539620752
0,0,0.00048453868394445957
0,0,0.0002883716080503185
0,0,0.0005960024874565325
0,0,0.00023583754727033725
0,0,2.017790036000087e-05
0,0,0.0016764607181684323
0,0,0.0003916938959693334
0,0,0.0024084475566922164
0,0,0.0006598215194523047
0,0,0.0003747728123271487
0,0,0.0006248028525077836
0,0,0.0006427187436094835
0,0,0.0008777736144166666
1,1,0.9782081537377719
0,0,0.01711060705824635
0,0,0.00018911543001287314
0,0,0.07345528983884801
0,0,0.0001678494552109835
0,0,0.00014947031729228857
0,0,0.00044875758441507253
0,0,0.000508430214068224
0,0,0.0002935125165852591
0,0,0.00023429345578198323
0,0,8.331293782332039e-05
0,0,0.0003246288605086271
0,0,0.004836439518552278
0,0,0.0003559714504446646
0,0,0.001100017103941579
0,0,0.000669848658753457
0,0,0.000395499767098321
0,0,0.002965915763653626
0,0,0.0072443694404574765
0,0,0.00023938680566228796
0,0,0.0004106573720200496
0,0,0.0005781104515910154
0,0,0.00018738999495386985
0,0,0.00020015011826521748
0,0,0.0013786786527843202
0,0,0.00020148548811852027
0,0,0.0005351243432038783
0,0,0.00028218547871275586
0,0,0.00484823467191059
1,1,0.9999999998672808
0,0,0.00028925466746117977
0,0,0.00029911915115934733
0,0,0.00021693263056037722
0,0,0.009683190200539916
0,0,0.001107760002907994
0,0,0.0008373675296533136
0,0,0.0008293941338971922
0,0,0.00025652119455327286
0,0,0.0002539591228478276
0,0,0.0010870967478142628
0,0,0.0011161313997047418
0,0,0.000799041751942833
0,0,0.000220434347526374
0,0,0.0011513867037965255
0,0,0.0003484856544687798
0,0,0.0004961354088084294
0,0,0.00019089290781915228
0,0,0.0003007132667024362
0,0,9.761858711774441e-05
0,0,0.000438130996612405
0,0,0.0003290996624945374
0,0,0.00020689021700420453
0,0,0.00035678942628627466
0,0,0.002487045651012554
0,0,0.0007446519087772436
0,0,0.0001342288555025277
0,0,0.004401607925677301
0,0,0.00027041885792657307
0,0,0.0008076663503757063
0,0,0.0010656082899852916
0,0,0.0002041592168308445
0,0,0.0007066817874149414
0,0,0.0002542399386561567
0,0,0.0017135538777752837
0,0,0.00029476159507931286
0,0,0.000457069555299837
0,0,0.0013234967574080637
0,0,0.0003413050672795068
0,0,0.00030785331454765357
0,0,0.0005765550140237766
0,0,0.0007056977813878239
0,0,0.0020500529213270577
0,0,0.0004349523309700009
0,0,0.0003649564057286646
0,0,0.0002934100838191581
0,0,0.0004936221586671532
0,0,0.0006266911247692682
0,0,0.0001545654194912329
0,0,0.0002154575672142933
0,0,0.00015156821435354512
0,0,0.0001373335157691976
0,0,0.0017320572671817537
0,0,0.00013947520182174298
0,0,0.0002245908595018949
0,0,0.0009255501427084996
0,0,0.00042343315103833215
0,0,0.0008303183275731597
0,0,0.003411373730400208
0,0,0.00023452324280179594
0,0,0.00045768026214556233
0,0,0.0004516123802882513
0,0,0.0007134158456053195
0,0,0.007274555394291023
0,0,0.0001670381645749613
0,0,0.0015743425054043994
0,0,0.0022327374890663957
0,0,0.00017515973877555224
0,0,0.0009507851733371903
0,0,0.00022185673600785987
0,0,0.0002164877410010613
0,0,0.0005243235225688218
0,0,0.0007946224148646818
0,0,0.0002900500140250372
0,0,0.0002284541236044139
0,0,0.0002961188129205668
0,0,0.00031387943439949753
0,0,0.00023397518896231144
0,0,0.0008577750069652478
0,0,0.0003995143800947049
0,0,0.00025009261725197885
0,0,8.691916433710389e-05
0,0,0.0004063386802101292
0,0,0.00035712116006857825
0,0,0.0007738436697625701
0,0,0.0016421679493904384
0,0,0.0007725686741140097
0,0,0.00015872557647530827
1,1,0.8939165173012793
0,0,3.785199437431133e-05
0,0,0.00020619892359367674
0,0,0.0019500216200753373
1,1,0.9426590717763128
0,0,0.0005777377762995932
0,0,0.0005567253781245565
0,0,2.551170955068074e-05
0,0,0.0002498002774382211
0,0,9.7113643674565e-05
0,0,0.0005561056720984693
0,0,0.00018964482563850596
0,0,0.0007074388009738125
0,0,0.01645906561931006
0,0,0.0008047424015349639
0,0,0.0001835173909811039
0,0,0.0020846416905555202
0,0,0.00020303570449552898
0,0,0.00018010288489003887
0,0,0.0006065163147016414
0,0,0.00023328626306201727
0,0,0.0005508123327716786
0,0,0.0006348140446342585
0,0,0.0004693625223781563
0,0,0.0005443831149302706
0,0,0.0009559315360525214
0,0,0.0003798063139335361
0,0,0.00013109883255776054
0,0,0.0005291557369477268
0,0,0.0001350026692983307
0,0,0.0012149294617455264
0,0,0.0004602807256637636
0,0,0.0007687034039153326
0,0,0.0005287304593675039
0,0,0.0005132911362302609
0,0,0.0007559283200398327
0,0,0.0001884663365354664
0,0,0.0003895533463933029
0,0,6.638316450080312e-05
0,0,0.00021178960122935565
0,0,7.775451763038514e-05
0,0,0.00015068822525843778
0,0,0.0007173500940275495
0,0,0.0004998909896949713
0,0,0.00015853661387323846
0,0,0.0011624582843270442
0,0,0.0005977236397947589
0,0,0.00044600399904085394
1,1,0.9999658585738195
0,0,0.0005540777981068767
0,0,0.0006329417081117434
0,0,0.0003187272821629587
0,0,0.0011580093710799265
0,0,0.0001788138163666738
0,0,0.0003939017848855356
0,0,0.0006369797924697862
0,0,0.0006138017082247146
0,0,0.0001029854431697809
0,0,0.000210797119867367
0,0,0.00020452013063965561
0,0,6.321913796225774e-05
0,0,0.0014711233364357627
0,0,0.0001530760811338169
0,0,0.00042960437082730353
0,0,0.00016202860554233854
0,0,0.0001573694604315129
0,0,0.00020313523188301427
0,0,0.0002836027537379367
0,0,0.0014933678120386878
0,0,0.00020323569095895023
0,0,0.002011175667939968
0,0,0.00015730129941889668
0,0,7.977847721783501e-05
0,0,0.0007130765376578265
0,0,0.00020870299821295168
0,0,0.0002864101618861911
0,0,0.00019906008101530496
0,0,0.0012936114318945887
0,0,0.0005554599003738108
0,0,0.0005083589067256388
0,0,0.0008200336158630662
0,0,0.00024288998177690742
0,0,0.00026526658728078726
0,0,0.0006890429187031039
0,0,0.00010095936114285457
0,0,0.00021931624727943534
0,0,0.0004367531174756465
1,1,0.940522901243586
0,0,0.0003451889704017352
0,0,0.00030224861558179953
0,0,0.0004762369318412166
0,0,0.0007788730737306699
0,0,0.00034981393816728787
0,0,0.00037138400663301596
0,0,8.954444597412708e-05
0,0,0.0018214451867438158
0,0,8.840331449573307e-05
0,0,0.00017650376052247562
0,0,0.0002475161613124628
0,0,0.0002216790103424999
0,0,0.0010908637249747986
1,1,0.9988895495638387
0,0,8.077428761559063e-05
0,0,0.0001307686772423963
0,0,0.000497393859102502
0,0,0.0020192694649521377
0,0,0.000585206533032793
0,0,0.0003138567106384426
0,0,0.00032964712916570664
0,0,0.0003130297430317421
0,0,1.2263712567505375e-05
0,0,0.00018833305894684488
0,0,0.00022741604784654447
0,0,0.0009079406145602606
0,0,0.00018864430462946281
0,0,0.0004486116774114278
0,0,0.00013913257130970463
0,0,0.00010572347343185437
0,0,0.00011289050533898618
0,0,0.0004757886029485784
0,0,0.002136066088864916
0,0,0.0020188925075947965
0,0,0.0015942588974588166
0,0,0.00013339500014157218
0,0,0.00043898772203704545
0,0,0.0003307456334914071
0,0,0.0015811569771261183
0,0,0.0007603048803871561
0,0,6.232896967877181e-05
0,0,0.0003026504169924805
0,0,0.0011487243949409897
0,0,0.0005558036003117093
0,0,0.001288911808002683
0,0,0.004533077719549634
0,0,0.0003106404809245303
0,0,0.00015446953358201927
0,0,0.00027840588974788205
0,0,0.00021232868191045144
